<?xml version="1.0" encoding="UTF-8" standalone="yes"?>
<addon id="repository.Megatron" name="Megatron Repo" version="1.0" provider-name="Megatron">
	<extension point="xbmc.addon.repository" name="Megatron Repo">
		
		<dir minversion="18.9.0">
			<info compressed="false">https://raw.githubusercontent.com/nixgates/nixgates/master/matrix/zips/addons.xml</info>
			<checksum>https://raw.githubusercontent.com/nixgates/nixgates/master/matrix/zips/addons.xml.md5</checksum>
			<datadir zip="true">https://raw.githubusercontent.com/nixgates/nixgates/master/matrix/zips/</datadir>
		</dir>
		<dir>
            <info>https://raw.githubusercontent.com/newt-sc/a4kSubtitles/master/packages/addons.xml</info>
            <checksum>https://raw.githubusercontent.com/newt-sc/a4kSubtitles/master/packages/addons.xml.crc</checksum>
            <datadir>https://github.com/newt-sc/a4kSubtitles/archive</datadir>
            <artdir>https://github.com/a4k-openproject/a4kSubtitles/releases/download/v0.0.13</artdir>
        </dir>
		<dir minversion="18.9.701">
            <info compressed="false">https://raw.githubusercontent.com/umbrellaplug/umbrellaplug.github.io/master/matrix/zips/addons.xml</info>
            <checksum>https://raw.githubusercontent.com/umbrellaplug/umbrellaplug.github.io/master/matrix/zips/addons.xml.md5</checksum>
            <datadir zip="true">https://raw.githubusercontent.com/umbrellaplug/umbrellaplug.github.io/master/matrix/zips/</datadir>
        </dir>
		<dir minversion="19.9.1">
            <info compressed="false">https://raw.githubusercontent.com/jurialmunkey/repository.jurialmunkey/master/nexusrepo/zips/addons.xml</info>
            <checksum>https://raw.githubusercontent.com/jurialmunkey/repository.jurialmunkey/master/nexusrepo/zips/addons.xml.md5</checksum>
            <datadir zip="true">https://raw.githubusercontent.com/jurialmunkey/repository.jurialmunkey/master/nexusrepo/zips/</datadir>
        </dir>
		<dir minversion="19.0.0">
            <info>https://raw.githubusercontent.com/heppen7/repository.heppen/main/zips/addons.xml</info>
            <checksum>https://raw.githubusercontent.com/heppen7/repository.heppen/main/zips/addons.xml.md5</checksum>
            <datadir zip="true">https://raw.github.com/heppen7/repository.heppen/main/zips/</datadir>
        </dir>
		<dir>
            <info compressed="false">https://raw.githubusercontent.com/Tikipeter/repository.tikipeter/master/zips/addons.xml</info>
            <checksum>https://raw.githubusercontent.com/Tikipeter/repository.tikipeter/master/zips/addons.xml.md5</checksum>
            <datadir zip="true">https://raw.githubusercontent.com/Tikipeter/repository.tikipeter/master/zips</datadir>
        </dir>
        <dir>
            <info compressed="false">https://raw.githubusercontent.com/drinfernoo/plugin.program.autowidget/repo/zips/addons.xml</info>
            <checksum>https://raw.githubusercontent.com/drinfernoo/plugin.program.autowidget/repo/zips/addons.xml.md5</checksum>
            <datadir zip="true">https://raw.githubusercontent.com/drinfernoo/plugin.program.autowidget/repo/zips/</datadir>
        </dir>
	</extension>
	<extension point="xbmc.addon.metadata">
		<summary>Megatron</summary>
		<description>Megatron Repository - Addon Aggregator</description>
		<platform>all</platform>
		<assets>
			<icon>icon.png</icon>
			<fanart>fanart.jpg</fanart>
		</assets>
	</extension>
</addon>